/*
 Navicat Premium Data Transfer

 Source Server         : LOCALHOST
 Source Server Type    : MySQL
 Source Server Version : 50729
 Source Host           : localhost:3306
 Source Schema         : laravel_base

 Target Server Type    : MySQL
 Target Server Version : 50729
 File Encoding         : 65001

 Date: 14/02/2020 11:05:52
*/

SET NAMES utf8mb4;
SET FOREIGN_KEY_CHECKS = 0;

-- ----------------------------
-- Table structure for apps
-- ----------------------------
DROP TABLE IF EXISTS `apps`;
CREATE TABLE `apps` (
  `id` bigint(20) unsigned NOT NULL AUTO_INCREMENT,
  `name` varchar(255) COLLATE utf8mb4_unicode_ci NOT NULL,
  `desc` varchar(255) COLLATE utf8mb4_unicode_ci DEFAULT NULL,
  `image_login` varchar(255) COLLATE utf8mb4_unicode_ci NOT NULL,
  `image_header` varchar(255) COLLATE utf8mb4_unicode_ci NOT NULL,
  `image_icon` varchar(255) COLLATE utf8mb4_unicode_ci NOT NULL,
  `created_at` timestamp NULL DEFAULT NULL,
  `updated_at` timestamp NULL DEFAULT NULL,
  PRIMARY KEY (`id`)
) ENGINE=InnoDB AUTO_INCREMENT=3 DEFAULT CHARSET=utf8mb4 COLLATE=utf8mb4_unicode_ci;

-- ----------------------------
-- Records of apps
-- ----------------------------
BEGIN;
INSERT INTO `apps` VALUES (2, 'Laravel Base', 'Exsclusive Dashboard', '1581325239laravel-base.jpg', '1581325634laravel-base.png', '1581326170laravel-base.png', '2020-02-08 21:32:08', '2020-02-10 16:16:10');
COMMIT;

-- ----------------------------
-- Table structure for failed_jobs
-- ----------------------------
DROP TABLE IF EXISTS `failed_jobs`;
CREATE TABLE `failed_jobs` (
  `id` bigint(20) unsigned NOT NULL AUTO_INCREMENT,
  `connection` text COLLATE utf8mb4_unicode_ci NOT NULL,
  `queue` text COLLATE utf8mb4_unicode_ci NOT NULL,
  `payload` longtext COLLATE utf8mb4_unicode_ci NOT NULL,
  `exception` longtext COLLATE utf8mb4_unicode_ci NOT NULL,
  `failed_at` timestamp NOT NULL DEFAULT CURRENT_TIMESTAMP,
  PRIMARY KEY (`id`)
) ENGINE=InnoDB DEFAULT CHARSET=utf8mb4 COLLATE=utf8mb4_unicode_ci;

-- ----------------------------
-- Table structure for migrations
-- ----------------------------
DROP TABLE IF EXISTS `migrations`;
CREATE TABLE `migrations` (
  `id` int(10) unsigned NOT NULL AUTO_INCREMENT,
  `migration` varchar(255) COLLATE utf8mb4_unicode_ci NOT NULL,
  `batch` int(11) NOT NULL,
  PRIMARY KEY (`id`)
) ENGINE=InnoDB AUTO_INCREMENT=7 DEFAULT CHARSET=utf8mb4 COLLATE=utf8mb4_unicode_ci;

-- ----------------------------
-- Records of migrations
-- ----------------------------
BEGIN;
INSERT INTO `migrations` VALUES (1, '2014_10_12_000000_create_users_table', 1);
INSERT INTO `migrations` VALUES (2, '2014_10_12_100000_create_password_resets_table', 1);
INSERT INTO `migrations` VALUES (3, '2019_08_19_000000_create_failed_jobs_table', 1);
INSERT INTO `migrations` VALUES (4, '2020_02_08_165626_apps', 2);
INSERT INTO `migrations` VALUES (5, '2020_02_11_085144_create_permission_tables', 3);
INSERT INTO `migrations` VALUES (6, '2020_02_11_093811_add_status_to_users_table', 4);
COMMIT;

-- ----------------------------
-- Table structure for model_has_permissions
-- ----------------------------
DROP TABLE IF EXISTS `model_has_permissions`;
CREATE TABLE `model_has_permissions` (
  `permission_id` bigint(20) unsigned NOT NULL,
  `model_type` varchar(255) COLLATE utf8mb4_unicode_ci NOT NULL,
  `model_id` bigint(20) unsigned NOT NULL,
  PRIMARY KEY (`permission_id`,`model_id`,`model_type`),
  KEY `model_has_permissions_model_id_model_type_index` (`model_id`,`model_type`),
  CONSTRAINT `model_has_permissions_permission_id_foreign` FOREIGN KEY (`permission_id`) REFERENCES `permissions` (`id`) ON DELETE CASCADE
) ENGINE=InnoDB DEFAULT CHARSET=utf8mb4 COLLATE=utf8mb4_unicode_ci;

-- ----------------------------
-- Table structure for model_has_roles
-- ----------------------------
DROP TABLE IF EXISTS `model_has_roles`;
CREATE TABLE `model_has_roles` (
  `role_id` bigint(20) unsigned NOT NULL,
  `model_type` varchar(255) COLLATE utf8mb4_unicode_ci NOT NULL,
  `model_id` bigint(20) unsigned NOT NULL,
  PRIMARY KEY (`role_id`,`model_id`,`model_type`),
  KEY `model_has_roles_model_id_model_type_index` (`model_id`,`model_type`),
  CONSTRAINT `model_has_roles_role_id_foreign` FOREIGN KEY (`role_id`) REFERENCES `roles` (`id`) ON DELETE CASCADE
) ENGINE=InnoDB DEFAULT CHARSET=utf8mb4 COLLATE=utf8mb4_unicode_ci;

-- ----------------------------
-- Records of model_has_roles
-- ----------------------------
BEGIN;
INSERT INTO `model_has_roles` VALUES (1, 'App\\User', 2);
INSERT INTO `model_has_roles` VALUES (99, 'App\\User', 5);
COMMIT;

-- ----------------------------
-- Table structure for password_resets
-- ----------------------------
DROP TABLE IF EXISTS `password_resets`;
CREATE TABLE `password_resets` (
  `email` varchar(255) COLLATE utf8mb4_unicode_ci NOT NULL,
  `token` varchar(255) COLLATE utf8mb4_unicode_ci NOT NULL,
  `created_at` timestamp NULL DEFAULT NULL,
  KEY `password_resets_email_index` (`email`)
) ENGINE=InnoDB DEFAULT CHARSET=utf8mb4 COLLATE=utf8mb4_unicode_ci;

-- ----------------------------
-- Table structure for permissions
-- ----------------------------
DROP TABLE IF EXISTS `permissions`;
CREATE TABLE `permissions` (
  `id` bigint(20) unsigned NOT NULL AUTO_INCREMENT,
  `name` varchar(255) COLLATE utf8mb4_unicode_ci NOT NULL,
  `guard_name` varchar(255) COLLATE utf8mb4_unicode_ci NOT NULL,
  `created_at` timestamp NULL DEFAULT NULL,
  `updated_at` timestamp NULL DEFAULT NULL,
  PRIMARY KEY (`id`)
) ENGINE=InnoDB AUTO_INCREMENT=6 DEFAULT CHARSET=utf8mb4 COLLATE=utf8mb4_unicode_ci;

-- ----------------------------
-- Records of permissions
-- ----------------------------
BEGIN;
INSERT INTO `permissions` VALUES (1, 'apps-show', 'web', '2020-02-11 14:38:29', '2020-02-11 14:38:29');
INSERT INTO `permissions` VALUES (2, 'role-show', 'web', '2020-02-11 14:38:39', '2020-02-11 14:38:39');
INSERT INTO `permissions` VALUES (3, 'role permission-show', 'web', '2020-02-11 14:38:50', '2020-02-11 14:38:50');
INSERT INTO `permissions` VALUES (4, 'users-show', 'web', '2020-02-11 14:38:59', '2020-02-11 14:38:59');
COMMIT;

-- ----------------------------
-- Table structure for role_has_permissions
-- ----------------------------
DROP TABLE IF EXISTS `role_has_permissions`;
CREATE TABLE `role_has_permissions` (
  `permission_id` bigint(20) unsigned NOT NULL,
  `role_id` bigint(20) unsigned NOT NULL,
  PRIMARY KEY (`permission_id`,`role_id`),
  KEY `role_has_permissions_role_id_foreign` (`role_id`),
  CONSTRAINT `role_has_permissions_permission_id_foreign` FOREIGN KEY (`permission_id`) REFERENCES `permissions` (`id`) ON DELETE CASCADE,
  CONSTRAINT `role_has_permissions_role_id_foreign` FOREIGN KEY (`role_id`) REFERENCES `roles` (`id`) ON DELETE CASCADE
) ENGINE=InnoDB DEFAULT CHARSET=utf8mb4 COLLATE=utf8mb4_unicode_ci;

-- ----------------------------
-- Records of role_has_permissions
-- ----------------------------
BEGIN;
INSERT INTO `role_has_permissions` VALUES (1, 1);
INSERT INTO `role_has_permissions` VALUES (2, 1);
INSERT INTO `role_has_permissions` VALUES (3, 1);
INSERT INTO `role_has_permissions` VALUES (4, 1);
INSERT INTO `role_has_permissions` VALUES (1, 99);
INSERT INTO `role_has_permissions` VALUES (2, 99);
INSERT INTO `role_has_permissions` VALUES (3, 99);
INSERT INTO `role_has_permissions` VALUES (4, 99);
COMMIT;

-- ----------------------------
-- Table structure for roles
-- ----------------------------
DROP TABLE IF EXISTS `roles`;
CREATE TABLE `roles` (
  `id` bigint(20) unsigned NOT NULL AUTO_INCREMENT,
  `name` varchar(255) COLLATE utf8mb4_unicode_ci NOT NULL,
  `guard_name` varchar(255) COLLATE utf8mb4_unicode_ci NOT NULL,
  `created_at` timestamp NULL DEFAULT NULL,
  `updated_at` timestamp NULL DEFAULT NULL,
  PRIMARY KEY (`id`)
) ENGINE=InnoDB AUTO_INCREMENT=100 DEFAULT CHARSET=utf8mb4 COLLATE=utf8mb4_unicode_ci;

-- ----------------------------
-- Records of roles
-- ----------------------------
BEGIN;
INSERT INTO `roles` VALUES (1, 'Admin', 'web', '2020-02-11 09:51:38', '2020-02-11 09:51:38');
INSERT INTO `roles` VALUES (6, 'User', 'web', '2020-02-11 11:23:50', '2020-02-11 11:23:50');
INSERT INTO `roles` VALUES (99, 'super-admin', 'web', '2020-02-11 15:03:43', '2020-02-11 15:03:43');
COMMIT;

-- ----------------------------
-- Table structure for users
-- ----------------------------
DROP TABLE IF EXISTS `users`;
CREATE TABLE `users` (
  `id` bigint(20) unsigned NOT NULL AUTO_INCREMENT,
  `name` varchar(255) COLLATE utf8mb4_unicode_ci NOT NULL,
  `email` varchar(255) COLLATE utf8mb4_unicode_ci NOT NULL,
  `email_verified_at` timestamp NULL DEFAULT NULL,
  `password` varchar(255) COLLATE utf8mb4_unicode_ci NOT NULL,
  `status` tinyint(1) NOT NULL DEFAULT '0',
  `remember_token` varchar(100) COLLATE utf8mb4_unicode_ci DEFAULT NULL,
  `created_at` timestamp NULL DEFAULT NULL,
  `updated_at` timestamp NULL DEFAULT NULL,
  PRIMARY KEY (`id`),
  UNIQUE KEY `users_email_unique` (`email`)
) ENGINE=InnoDB AUTO_INCREMENT=11 DEFAULT CHARSET=utf8mb4 COLLATE=utf8mb4_unicode_ci;

-- ----------------------------
-- Records of users
-- ----------------------------
BEGIN;
INSERT INTO `users` VALUES (2, 'Administrator', 'admin@email.com', NULL, '$2y$10$iT79gWz9IU7QuG/wxuhNteROMwb1s9o3yVZREWC.KbB5DOZNUVW8i', 1, NULL, '2020-02-11 11:51:29', '2020-02-11 11:51:29');
INSERT INTO `users` VALUES (5, 'Farhan Riuzaki', 'admin@gmail.com', NULL, '$2y$10$Jn7jqNPLzI2As3cBehD61ORDUYRUnNo2lQrBjiBDyLrZlUv3M0LaC', 1, NULL, '2020-02-11 13:24:40', '2020-02-11 13:24:40');
COMMIT;

SET FOREIGN_KEY_CHECKS = 1;
